alpha_f,beta,delta_f,gamma,f1_0,f2_0,V_0
9.040593070714433e-10,6.096375215979814e-07,1.8405529336214266,2002.5687663302554,0.005291084493269893,0.9956504326712788,30063.697221096772
