alpha_f,beta,delta_f,gamma,f1_0,f2_0,V_0
3.943440593394532e-10,4.918538437434381e-07,2.289724641652172,1993.0743792946605,0.002450810350135435,0.9971539969725205,60010.90238945368
