alpha_f,beta,delta_f,gamma,f1_0,f2_0,V_0
8.821431351646215e-10,5.443916351089603e-07,4.00489118965986,2015.0737789498069,0.003292580384803687,0.9960508492207266,60107.17803984975
