alpha_f,beta,delta_f,gamma,f1_0,f2_0,V_0
1.1853107160443886e-09,8.402395533310372e-07,1.510949917727332,2006.9216336438744,0.005032633578615124,0.9932802984613308,29983.304393314917
