alpha_f,beta,delta_f,gamma,f1_0,f2_0,V_0
1.4595016858689195e-09,4.814054546791836e-07,7.769344306931209,2189.577390376269,0.004614616170228681,0.998016931044053,61599.1454419585
