{
  "initial_parameters": {
      "alpha_f": 1.57763931289105e-9,
      "beta": 6.12783508806595e-7,
      "delta_f": 1.50836617187542,
      "gamma": 1386.64900596809
  },
  "bounds": {
      "alpha_f": [1e-12, 1e-6],
      "beta": [1e-12, 1e-6],
      "delta_f": [0.1, 10],
      "gamma": [1, 10000]
  }
}
