alpha_f,beta,delta_f,gamma,f1_0,f2_0,V_0
5.362485850595966e-10,4.622917432518198e-07,3.239535695776029,1996.2002734493271,0.0027447005435004912,0.996435856350544,59947.5303370146
