alpha_f,beta,delta_f,gamma,f1_0,f2_0,V_0
1.0840462826653856e-09,7.171707389760036e-07,1.8945097920502776,1998.504594358399,0.004945800893624862,0.9946740254118659,29985.47262075219
