alpha_f,beta,delta_f,gamma,f1_0,f2_0,V_0
9.197682222382477e-10,5.139012127812263e-07,2.283280694300073,2000.4141719086463,0.004690328575653845,0.9949725615285501,30007.491396218484
